<?xml version="1.0" encoding="UTF-8"?>
<con:config xmlns:con="http://www.sourceid.org/2004/05/config">
    <con:map name="scope-descriptions">
        <con:item name="address">Used to access your postal address</con:item>
        <con:item name="phone">Used to access your phone number</con:item>
        <con:item name="openid">Used to authenticated with OIDC</con:item>
        <con:item name="email">Used to access your email address</con:item>
        <con:item name="profile">Used to access your profile</con:item>
    </con:map>
    <con:item name="lastUpdated">1555770285804</con:item>
    <con:map name="exclusive-scope-descriptions">
        <con:item name="pd:consents:priv">Used to access the PingDirectory Consent API (Admin)</con:item>
        <con:item name="pf:client:reg">Used to dynamically register clients (RFC 7591)</con:item>
        <con:item name="pd:consents:unpriv">Used to access the PingDirectory Consent API (User)</con:item>
        <con:item name="pd:dir:access">Used to access the PingDirectory REST API</con:item>
    </con:map>
</con:config>