<saasProvisioner version="1.0" enableSaasProvisionerGUI="true" internalDataSourceId="ProvisionerDS" syncInterval="60" encryptDBSaasIdentities="true" xmlns="http://pingidentity.com/2008/06/saas-provisioner">
  <saasProvisionerEntity>
    <entityId>urn:pingid:sdk</entityId>
    <target id="PingIDForCustomers">
      <parameter name="accountId" value="1c241cc2-76aa-4bde-86a1-b798a56a7ce1"/>
      <parameter name="apiKey" value="OBF:JWE:eyJhbGciOiJkaXIiLCJlbmMiOiJBMTI4Q0JDLUhTMjU2Iiwia2lkIjoiV0J0eDlMYTFURSIsInZlcnNpb24iOiI5LjMuMC45In0..q_3Qk1qz-gWL97n6uqyyKQ.sqYMC71iQRfbZ0IHhtJFl9yv8Y1ftFi6O4mrSt_021czTyvQSrEMYGWezToFZUKmKcnMeVV7Exe7v8Mhzh26nQ.xCFj6eqvswmQMowE8XcuPQ"/>
      <parameter name="applicationId" value="762f7e8a-1803-4bf4-b482-167ea4961629"/>
      <parameter name="host" value="sdk.pingid.com"/>
      <parameter name="token" value="OBF:JWE:eyJhbGciOiJkaXIiLCJlbmMiOiJBMTI4Q0JDLUhTMjU2Iiwia2lkIjoiV0J0eDlMYTFURSIsInZlcnNpb24iOiI5LjMuMC45In0..wLavnz3924WeLoOND3b_2w.bJEnFPKQsZR8awkY2jbFXQxKb4xsFLsu1IZNGt_NqDP7-xJuI1GB5uF1NqEU4nsz.4vlh_VFwdwfz77csk0OhrQ"/>
      <parameter name="primaryAuthenticationMethodUponCreation" value="Email 1"/>
      <parameter name="Provisioning Options" value=""/>
      <parameter name="createNewUsers" value="true"/>
      <parameter name="updateNewUsers" value="true"/>
      <parameter name="disableNewUsers" value="true"/>
      <parameter name="provisionDisabledUsers" value="false"/>
      <parameter name="removeAction" value="Delete"/>
    </target>
    <channel id="1" name="KP Members" active="true">
      <maxThreads>1</maxThreads>
      <timeout>60</timeout>
      <source dataSourceId="LDAP-6BC54F990FF9133091160D3361655A1DF3DC47EC">
        <ldapGuidFormatter guidAttributeName="entryUUID" guidIsBinary="false"/>
        <usersBaseDN>ou=People,o=anyhealth.org</usersBaseDN>
        <filter>(objectclass=fhirPerson)</filter>
        <memberOfGroupAttributeName/>
        <groupMemberAttributeName>uniqueMember</groupMemberAttributeName>
        <changedUsersAlgorithm>Timestamp No Negation</changedUsersAlgorithm>
        <timestampAttributeName>modifyTimestamp</timestampAttributeName>
        <userObjectClass>person</userObjectClass>
        <groupObjectClass>groupOfUniqueNames</groupObjectClass>
        <directoryIdentityAttributesMapper statusReader="Flag">
          <attributeName>nsaccountlock</attributeName>
          <default>true</default>
          <comparisonValue>true</comparisonValue>
          <comparisonValueStatus>false</comparisonValueStatus>
        </directoryIdentityAttributesMapper>
        <userNestedSearch>false</userNestedSearch>
        <groupNestedSearch>false</groupNestedSearch>
      </source>
      <saasUsernameFieldCode>username</saasUsernameFieldCode>
      <identityMappingField fieldName="username">
        <fieldInfo code="username" label="Username">
          <required>true</required>
          <unique>true</unique>
          <attributeGroup>false</attributeGroup>
        </fieldInfo>
        <fieldConfig>
          <attributes>entryUUID</attributes>
        </fieldConfig>
      </identityMappingField>
      <identityMappingField fieldName="email1">
        <fieldInfo code="email1" label="Email 1">
          <attributeGroup>false</attributeGroup>
        </fieldInfo>
        <fieldConfig>
          <attributes>mail</attributes>
        </fieldConfig>
      </identityMappingField>
      <identityMappingField fieldName="email2">
        <fieldInfo code="email2" label="Email 2">
          <attributeGroup>false</attributeGroup>
        </fieldInfo>
        <fieldConfig/>
      </identityMappingField>
      <identityMappingField fieldName="email3">
        <fieldInfo code="email3" label="Email 3">
          <attributeGroup>false</attributeGroup>
        </fieldInfo>
        <fieldConfig/>
      </identityMappingField>
      <identityMappingField fieldName="firstName">
        <fieldInfo code="firstName" label="First Name">
          <attributeGroup>false</attributeGroup>
        </fieldInfo>
        <fieldConfig/>
      </identityMappingField>
      <identityMappingField fieldName="lastName">
        <fieldInfo code="lastName" label="Last Name">
          <attributeGroup>false</attributeGroup>
        </fieldInfo>
        <fieldConfig/>
      </identityMappingField>
      <identityMappingField fieldName="smsNumber1">
        <fieldInfo code="smsNumber1" label="SMS Number 1">
          <attributeGroup>false</attributeGroup>
        </fieldInfo>
        <fieldConfig/>
      </identityMappingField>
      <identityMappingField fieldName="smsNumber2">
        <fieldInfo code="smsNumber2" label="SMS Number 2">
          <attributeGroup>false</attributeGroup>
        </fieldInfo>
        <fieldConfig/>
      </identityMappingField>
      <identityMappingField fieldName="smsNumber3">
        <fieldInfo code="smsNumber3" label="SMS Number 3">
          <attributeGroup>false</attributeGroup>
        </fieldInfo>
        <fieldConfig/>
      </identityMappingField>
      <identityMappingField fieldName="voiceNumber1">
        <fieldInfo code="voiceNumber1" label="Voice Number 1">
          <attributeGroup>false</attributeGroup>
        </fieldInfo>
        <fieldConfig/>
      </identityMappingField>
      <identityMappingField fieldName="voiceNumber2">
        <fieldInfo code="voiceNumber2" label="Voice Number 2">
          <attributeGroup>false</attributeGroup>
        </fieldInfo>
        <fieldConfig/>
      </identityMappingField>
      <identityMappingField fieldName="voiceNumber3">
        <fieldInfo code="voiceNumber3" label="Voice Number 3">
          <attributeGroup>false</attributeGroup>
        </fieldInfo>
        <fieldConfig/>
      </identityMappingField>
    </channel>
    <Scim/>
  </saasProvisionerEntity>
</saasProvisioner>