<?xml version="1.0" encoding="UTF-8"?>
<urn:OpenIdConnectProviderPolicy enabled="true" defaultPolicyGroupId="DefaultOIDCPolicy" trackUserSessionsForLogout="false" xmlns:urn="urn:pingidentity.com:pf:openid:connect:idp:policy">
    <urn:ProviderPolicyGroup policyId="DefaultOIDCPolicy" idTokenLife="5" includeSriInIdToken="false" includeUserInfoInIdToken="false" includeSHashInIdToken="false" policyName="Default OIDC Policy" accessTokenManagerId="defaultJWT">
        <urn:UserInfoMapping>
            <urn1:AttributeMap Name="sub" Type="Token" Value="sub" xmlns:urn1="urn:sourceid.org:saml2:metadata-extension:v2"/>
            <urn1:TokenAuthorizationIssuanceCriteria xmlns:urn1="urn:sourceid.org:saml2:metadata-extension:v2"/>
        </urn:UserInfoMapping>
        <urn:scopeAttributesMap/>
        <urn:attributeContractInclusionMap/>
    </urn:ProviderPolicyGroup>
</urn:OpenIdConnectProviderPolicy>