<?xml version="1.0" encoding="UTF-8"?>
<sk:systemKeys xmlns:sk="http://pingidentity.com/2018/01/system-keys">
    <sk:currentKey>
        <sk:key>eyJhbGciOiJkaXIiLCJlbmMiOiJBMTI4Q0JDLUhTMjU2Iiwia2lkIjoiemNYcDdPRWZTNyIsInZlcnNpb24iOiI5LjIuMS4xIiwiemlwIjoiREVGIn0..kd5tPM2ShKOHciYn_HoWrg.iVymp4z8RhuXXed_ox2XHA3qPoye0EBrRhot8RrQN-ZwHYOZTvhU3Dh5l8NeDSSG.0JHPv7iE07hUcv1R0--HTw</sk:key>
        <sk:generatedTime>2019-04-20T14:20:13.306Z</sk:generatedTime>
    </sk:currentKey>
    <sk:previousKey xsi:nil="true" xmlns:xsi="http://www.w3.org/2001/XMLSchema-instance"/>
    <sk:pendingKey>
        <sk:key>eyJhbGciOiJkaXIiLCJlbmMiOiJBMTI4Q0JDLUhTMjU2Iiwia2lkIjoiemNYcDdPRWZTNyIsInZlcnNpb24iOiI5LjIuMS4xIiwiemlwIjoiREVGIn0..GRBPlxRo-1MpYrKlyvKByA.KDIf3ABeRsA_zOJtXKteRSuBIE0qkpWDG-MaPQvWC2a3zK7yi--oNI3aMFxLGv7p.8PAdiPgm0PD335f7siyKew</sk:key>
        <sk:generatedTime>2019-04-20T14:20:13.307Z</sk:generatedTime>
    </sk:pendingKey>
</sk:systemKeys>