<?xml version="1.0" encoding="UTF-8"?>
<sk:systemKeys xmlns:sk="http://pingidentity.com/2018/01/system-keys">
    <sk:currentKey>
        <sk:key>eyJhbGciOiJkaXIiLCJlbmMiOiJBMTI4Q0JDLUhTMjU2Iiwia2lkIjoiV0J0eDlMYTFURSIsInZlcnNpb24iOiI5LjIuMS4xIiwiemlwIjoiREVGIn0..dDqqAzgUOBQDDCITVcBDlA.g6uty4K2-TCarC7f3gNxooHwVnmv6BcWVn7A6jGFlgQa_OURiVzWTZVKFTNc24fK.yq7pOUv_V-D06mKmyXv5Ig</sk:key>
        <sk:generatedTime>2019-04-22T16:50:03.309Z</sk:generatedTime>
    </sk:currentKey>
    <sk:previousKey xsi:nil="true" xmlns:xsi="http://www.w3.org/2001/XMLSchema-instance"/>
    <sk:pendingKey>
        <sk:key>eyJhbGciOiJkaXIiLCJlbmMiOiJBMTI4Q0JDLUhTMjU2Iiwia2lkIjoiV0J0eDlMYTFURSIsInZlcnNpb24iOiI5LjIuMS4xIiwiemlwIjoiREVGIn0..Q6ChhKfzWvaR_j_m6um3ow.tBb1HLPAAN9tNPlLhYNtMPkWKrRSFLRTkt0Naf6JpmWTf-3DBZpsJfmfS659fQZ7.k-RI2fx8wkFG8QkCWBFF_w</sk:key>
        <sk:generatedTime>2019-04-22T16:50:03.311Z</sk:generatedTime>
    </sk:pendingKey>
</sk:systemKeys>