<?xml version="1.0" encoding="UTF-8"?>
<con:config xmlns:con="http://www.sourceid.org/2004/05/config">
    <con:map name="password-credential-validators">
        <con:item name="PoCSQLPCV">com.pingidentity.passwordcredentialvalidator.sqlstoredprocedure.SQLSPPasswordCredentialValidator</con:item>
        <con:item name="PDPCV">org.sourceid.saml20.domain.LDAPUsernamePasswordCredentialValidator</con:item>
        <con:item name="RESTPCV">com.pingidentity.passwordcredentialvalidator.rest.RESTPasswordCredentialValidator</con:item>
    </con:map>
</con:config>