<?xml version="1.0" encoding="UTF-8"?>
<md:EntityDescriptor entityID="saml:to:oauth" urn:name="SAML STS" ID="IENFjGICXt3YsBKNxHSzkN28LWg" urn:baseUrl="https://localhost:9031" urn:LogLevel="STANDARD" urn:isActive="true" xmlns:md="urn:oasis:names:tc:SAML:2.0:metadata" xmlns:urn="urn:sourceid.org:saml2:metadata-extension:v2">
    <md:Extensions>
        <urn:EntityExtension PFVersion="9.2.1.1" LicenseGroup="">
            <urn:VirtualIdentity EntityID="oauth:to:saml"/>
            <urn:DefaultVirtualIdentity EntityID="oauth:to:saml"/>
            <urn:DigitialSignatureAliases SigningKeyAlias="v8m5h9qrw85dgmndgv47k76xz" includeX509inXmlSig="false" includeRawKeyInXmlSig="false" SigningAlgorithm="http://www.w3.org/2001/04/xmldsig-more#rsa-sha256"/>
            <urn:Encryption>
                <urn:EncryptionPolicy EncryptionAlgorithm="http://www.w3.org/2001/04/xmlenc#aes128-cbc" KeyTransportAlgorithm="http://www.w3.org/2001/04/xmlenc#rsa-oaep-mgf1p" EncryptAssertion="false" EncryptSubjectNameID="false" SLOEncryptSubjectNameID="false"/>
                <urn:DecryptionPolicy AssertionEncrypted="false" SubjectNameIDEncrypted="false" AttributeEncrypted="false" SLOSubjectNameIDEncrypted="false"/>
            </urn:Encryption>
            <urn:ConnectionTemplateProperties/>
            <urn:MetadataUrlId xsi:nil="true" xmlns:xsi="http://www.w3.org/2001/XMLSchema-instance"/>
            <urn:enableAutoMetadataUpdate>false</urn:enableAutoMetadataUpdate>
            <urn:AdditionalAllowedEntitiesConfiguration>
                <urn:AllowAdditionalEntities>false</urn:AllowAdditionalEntities>
                <urn:AllowAllEntities>false</urn:AllowAllEntities>
                <urn:AdditionalAllowedEntities/>
            </urn:AdditionalAllowedEntitiesConfiguration>
        </urn:EntityExtension>
    </md:Extensions>
    <md:RoleDescriptor protocolSupportEnumeration="urn:oasis:names:tc:SAML:2.0:protocol" xsi:type="urn:PFSpWsTrustRoleDescriptorType" xmlns:xsi="http://www.w3.org/2001/XMLSchema-instance">
        <md:Extensions>
            <urn:RoleExtension LastModified="2019-04-04T18:40:24.821Z"/>
        </md:Extensions>
        <urn:WsTrustSettings>
            <urn:AppliesTo>bentley-saml</urn:AppliesTo>
            <urn:TokenType>http://docs.oasis-open.org/wss/oasis-wss-saml-token-profile-1.1#SAMLV2.0</urn:TokenType>
            <urn:UseSamlHoK>false</urn:UseSamlHoK>
            <urn:AbortIfNotFulfilledFromRequest>false</urn:AbortIfNotFulfilledFromRequest>
            <urn:EncryptAssertion>false</urn:EncryptAssertion>
            <urn:AssertionValidityBeforeMinutes>5</urn:AssertionValidityBeforeMinutes>
            <urn:AssertionValidityAfterMinutes>30</urn:AssertionValidityAfterMinutes>
            <urn:TokenToAssertionMapping pluginId="UsernameTokenProcessor" RestrictVirtualServerIds="false">
                <urn:AttributeMapping>
                    <urn:AttributeMap Name="TOKEN_SUBJECT" Type="Token" Value="username"/>
                    <urn:TokenAuthorizationIssuanceCriteria/>
                </urn:AttributeMapping>
            </urn:TokenToAssertionMapping>
            <urn:enableOAuthSamlBearer>true</urn:enableOAuthSamlBearer>
        </urn:WsTrustSettings>
    </md:RoleDescriptor>
    <md:RoleDescriptor protocolSupportEnumeration="urn:oasis:names:tc:SAML:2.0:protocol" xsi:type="urn:PFAvailableCertsRoleDescriptorType" xmlns:xsi="http://www.w3.org/2001/XMLSchema-instance"/>
    <md:ContactPerson contactType="administrative"/>
</md:EntityDescriptor>