<?xml version="1.0" encoding="UTF-8"?>
<loc:localIdentity profileId="oHIZAYJQd3UJX6Ni" profileName="Default Identity Profile" contractId="Nx2YQnAMWVOj4XSO" profileEnabled="true" registrationEnabled="true" xmlns:loc="http://pingidentity.com/2017/07/localIdentity">
    <loc:auth-sources>
        <loc:auth-source id="WIH48Pi8WQQzY47S" name="Facebook">
            <loc:update-policy attributeStorageEnabled="false" retainAttributes="false" updateAttributes="false" updateInterval="0.0"/>
        </loc:auth-source>
        <loc:auth-source id="QVRl7XVkqFUDuEcf" name="Google">
            <loc:update-policy attributeStorageEnabled="false" retainAttributes="false" updateAttributes="false" updateInterval="0.0"/>
        </loc:auth-source>
        <loc:auth-source id="TwNKHvd4RNvv9fVO" name="QR Code">
            <loc:update-policy attributeStorageEnabled="false" retainAttributes="false" updateAttributes="false" updateInterval="0.0"/>
        </loc:auth-source>
    </loc:auth-sources>
    <loc:fields maskOgnlValues="false">
        <loc:field type="TEXT" default-value="" id="firstName" label="First Name">
            <loc:appliesTo profile="true" registration="true"/>
            <loc:parameter param-name="Read-Only" value="false"/>
            <loc:parameter param-name="Required" value="false"/>
            <loc:parameter param-name="Unique ID Field" value="false"/>
            <loc:parameter param-name="Mask Log Values" value="false"/>
        </loc:field>
        <loc:field type="TEXT" default-value="" id="lastName" label="Last Name">
            <loc:appliesTo profile="true" registration="true"/>
            <loc:parameter param-name="Read-Only" value="false"/>
            <loc:parameter param-name="Required" value="false"/>
            <loc:parameter param-name="Unique ID Field" value="false"/>
            <loc:parameter param-name="Mask Log Values" value="false"/>
        </loc:field>
        <loc:field type="EMAIL" default-value="" id="email" label="Email Address">
            <loc:appliesTo profile="true" registration="true"/>
            <loc:parameter param-name="Read-Only" value="false"/>
            <loc:parameter param-name="Required" value="false"/>
            <loc:parameter param-name="Unique ID Field" value="true"/>
            <loc:parameter param-name="Mask Log Values" value="false"/>
        </loc:field>
    </loc:fields>
    <loc:email-verification-config emailVerificationEnabled="false" verifyEmailTemplateName="message-template-email-ownership-verification.html" emailVerificationSentTemplateName="local.identity.email.verification.sent.html" emailVerificationSuccessTemplateName="local.identity.email.verification.success.html" emailVerificationErrorTemplateName="local.identity.email.verification.error.html" otlTimeToLive="1440" verificationEmailField="" verificationStatusField="" notificationPublisherId=""/>
    <loc:registration-config captchaEnabled="false" templateName="local.identity.registration.html"/>
    <loc:profile-config templateName="local.identity.profile.html" deleteIdentityEnabled="false"/>
    <loc:datastore-mapping>
        <loc:DataSource Description="" Type="LDAP" DataSourceId="LDAP-6BC54F990FF9133091160D3361655A1DF3DC47EC">
            <urn:Parameter Name="create_pattern" Value="uid=${email}" xmlns:urn="urn:sourceid.org:saml2:metadata-extension:v2"/>
            <urn:Parameter Name="search_base" Value="ou=people,dc=example,dc=com" xmlns:urn="urn:sourceid.org:saml2:metadata-extension:v2"/>
            <urn:Parameter Name="search_scope" Value="ONE_LEVEL" xmlns:urn="urn:sourceid.org:saml2:metadata-extension:v2"/>
            <urn:Parameter Name="object_class" Value="inetOrgPerson" xmlns:urn="urn:sourceid.org:saml2:metadata-extension:v2"/>
        </loc:DataSource>
        <loc:Attribute fieldName="firstName" datastore-field="givenName"/>
        <loc:Attribute fieldName="lastName" datastore-field="sn"/>
        <loc:Attribute fieldName="email" datastore-field="mail"/>
    </loc:datastore-mapping>
</loc:localIdentity>