<?xml version="1.0" encoding="UTF-8"?>
<urn:Clients xmlns:urn="urn:pingidentity.com:pf:oauth:client">
    <urn:Client client_id="PingLogon" name="Ping Logon" logo="" persistentGrantExpirationTime="0" enabled="true" lastModified="2019-04-20T14:34:29.553Z" bypassApprovalPage="true" restrictScopes="false" jwksUri="" jwks="" clientAuthnType="NONE" enforceOneTimeJWT="false" isRequireSignedRequest="false">
        <urn:Description>This client is used to perform OIDC logons to Ping products:
PA Admin
Delegated Admin
Consent \ DirAPI
DG (Symphonic)</urn:Description>
        <urn:Grant type="implicit"/>
        <urn:Grant type="authorization_code"/>
        <urn:RedirectUri>https://change.me</urn:RedirectUri>
        <urn:SupplementalInfo key="ALLOW_EXCLUSIVE_SCOPES" value="true"/>
        <urn:SupplementalInfo key="DEVICE_FLOW_SETTING" value="SERVER_DEFAULT"/>
        <urn:SupplementalInfo key="DEFAULT_ATM_ID" value="defaultJWT"/>
        <urn:SupplementalInfo key="PING_ACCESS_LOGOUT_CAPABLE" value="false"/>
        <urn:SupplementalInfo key="RESTRICT_RESPONSE_TYPES" value="false"/>
        <urn:SupplementalInfo key="ACCESS_SESSION_REVOCATION_API" value="false"/>
        <urn:SupplementalInfo key="PERSISTENT_GRANT_IDLE_TIMEOUT_TYPE" value="SERVER_DEFAULT"/>
        <urn:SupplementalInfo key="VALIDATE_USING_ALL_ELIGIBLE_ATMS" value="false"/>
        <urn:SupplementalInfo key="EXCLUSIVE_SCOPES" value="[&quot;pd:consents:priv&quot;,&quot;pd:consents:unpriv&quot;,&quot;pd:dir:access&quot;]"/>
        <urn:SupplementalInfo key="ENABLED" value="true"/>
        <urn:SupplementalInfo key="vnd.ping.policy_group_id" value="DefaultOIDCPolicy"/>
    </urn:Client>
</urn:Clients>