<?xml version="1.0" encoding="UTF-8"?>
<con:config xmlns:con="http://www.sourceid.org/2004/05/config">
    <con:map name="docker"/>
    <con:map name="https://httpbin.org"/>
    <con:map name="localhost:default:entityId"/>
    <con:map name="bentley-user"/>
    <con:map name="https://ext-docker.cpricedomain.ping-eng.com:9031/as/token.oauth2"/>
    <con:map name="https://ext-docker.cpricedomain.ping-eng.com:9031"/>
    <con:map name="bentley-saml"/>
    <con:map name="bentley-api2"/>
    <con:map name="bentley-api1"/>
    <con:map name="b"/>
    <con:map name="https://ext-docker.cpricedomain.ping-eng.com:903"/>
    <con:map name="saml:from:oauth"/>
    <con:map name="saml:to:oauth"/>
    <con:map name="oauth:to:saml"/>
    <con:map name="bentley-exchange"/>
    <con:map name="bentley-oauth"/>
</con:config>