<?xml version="1.0" encoding="UTF-8"?>
<urn:PluginConfiguration isInheritExtendedContractAttributes="false" name="REST PCV" xmlns:urn="urn:sourceid.org:saml2:adapter:conf">
    <urn:Fields>
        <urn:Field name="REST Web Service URL">https://services.company.com/login</urn:Field>
        <urn:Field name="REST Method">POST</urn:Field>
        <urn:Field name="HTTP Body">{ "accountVerification" : { "id" : 12345, "email" : "${username}", "password" : "${password}" } }</urn:Field>
        <urn:Field name="Success Response Type">HTTP Response Code</urn:Field>
        <urn:Field name="Success Response Value">200</urn:Field>
        <urn:Field name="Response JSON Object Name"/>
    </urn:Fields>
    <urn:AdvancedFields/>
    <urn:Tables>
        <urn:Table name="HTTP Headers"/>
    </urn:Tables>
    <urn:ExtendedContractAttributes/>
</urn:PluginConfiguration>